firstName,lastName,domain,email,password,mobileNumber
Adams,Zavattieri,ucla.edu,adams.zavattieri@ucla.edu,Sample@123,9974289911
Agata,Scholl,github.com,agata.scholl@github.com,Sample@123,7984739287
Sherwood,Denisovich,elegantthemes.com,sherwood.denisovich@elegantthemes.com,Sample@123,8879243788
Beck,Robion,google.de,beck.robion@google.de,Sample@123,7776946762
Karin,Walcher,dropbox.com,karin.walcher@dropbox.com,Sample@123,8773530633
Guido,Parlatt,tumblr.com,guido.parlatt@tumblr.com,Sample@123,7992376590
Noby,Pilling,usda.gov,noby.pilling@usda.gov,Sample@123,9770619531
Isobel,Gaucher,time.com,isobel.gaucher@time.com,Sample@123,9776316075
Roanne,Ruse,nature.com,roanne.ruse@nature.com,Sample@123,7771538090
Tann,Bullin,4shared.com,tann.bullin@4shared.com,Sample@123,9974492839
Meredithe,Frisel,mtv.com,meredithe.frisel@mtv.com,Sample@123,7890009585
Jesus,Garthside,smh.com.au,jesus.garthside@smh.com.au,Sample@123,7876067427
Guntar,Meddows,ed.gov,guntar.meddows@ed.gov,Sample@123,8778398175
Nata,Boutell,ted.com,nata.boutell@ted.com,Sample@123,8777615987
Charissa,Pakes,umn.edu,charissa.pakes@umn.edu,Sample@123,9872296564
Sigmund,Peyton,who.int,sigmund.peyton@who.int,Sample@123,9888478994
Lydie,Halfacree,blogger.com,lydie.halfacree@blogger.com,Sample@123,8973624497
Walden,Bodill,ehow.com,walden.bodill@ehow.com,Sample@123,7797462103
Sandro,Rotlauf,prnewswire.com,sandro.rotlauf@prnewswire.com,Sample@123,7793800202
Elizabeth,Haney,buzzfeed.com,elizabeth.haney@buzzfeed.com,Sample@123,7771247059
Cliff,Prosh,npr.org,cliff.prosh@npr.org,Sample@123,7774332793
Emlyn,Fewtrell,cargocollective.com,emlyn.fewtrell@cargocollective.com,Sample@123,8778147361
Marvin,Golling,nbcnews.com,marvin.golling@nbcnews.com,Sample@123,7979360035
Mata,Beri,skyrock.com,mata.beri@skyrock.com,Sample@123,7975349169
Genia,Tennewell,sphinn.com,genia.tennewell@sphinn.com,Sample@123,8783996920
Melissa,Stammers,nationalgeographic.com,melissa.stammers@nationalgeographic.com,Sample@123,9795744469
Bord,Nestor,yellowbook.com,bord.nestor@yellowbook.com,Sample@123,7891061153
Doralynn,MacAvddy,house.gov,doralynn.macavddy@house.gov,Sample@123,8894595581
Elden,Gordge,msu.edu,elden.gordge@msu.edu,Sample@123,9794389781
Hailey,Ector,time.com,hailey.ector@time.com,Sample@123,8890902063
Deborah,Rimer,free.fr,deborah.rimer@free.fr,Sample@123,7891739875
Garland,Halms,theguardian.com,garland.halms@theguardian.com,Sample@123,8795510234
Murial,Pantridge,dion.ne.jp,murial.pantridge@dion.ne.jp,Sample@123,8987828798
Pip,Warrick,chronoengine.com,pip.warrick@chronoengine.com,Sample@123,7874470832
Anne-marie,Sammons,ftc.gov,anne-marie.sammons@ftc.gov,Sample@123,7995079694
Tessa,Gomez,intel.com,tessa.gomez@intel.com,Sample@123,9799544844
Orville,Lethieulier,taobao.com,orville.lethieulier@taobao.com,Sample@123,9790375576
Fletcher,Wickstead,digg.com,fletcher.wickstead@digg.com,Sample@123,9778595625
Rubi,Harmston,feedburner.com,rubi.harmston@feedburner.com,Sample@123,9793026443
Celestine,Tomini,ucsd.edu,celestine.tomini@ucsd.edu,Sample@123,8772938115
Artemis,Stove,dyndns.org,artemis.stove@dyndns.org,Sample@123,7973828258
Curtis,Bensusan,hc360.com,curtis.bensusan@hc360.com,Sample@123,7878016469
Taddeusz,Sonier,free.fr,taddeusz.sonier@free.fr,Sample@123,8780854551
Ade,Bearsmore,admin.ch,ade.bearsmore@admin.ch,Sample@123,8992530361
Sidoney,Ivanonko,webeden.co.uk,sidoney.ivanonko@webeden.co.uk,Sample@123,9873453997
Eolanda,Garr,google.co.jp,eolanda.garr@google.co.jp,Sample@123,8976757025
Rosanna,Russ,whitehouse.gov,rosanna.russ@whitehouse.gov,Sample@123,7979217768
Jacintha,Walles,bigcartel.com,jacintha.walles@bigcartel.com,Sample@123,8878942002
Francklyn,Cheson,earthlink.net,francklyn.cheson@earthlink.net,Sample@123,9798122158
Sella,Bambrugh,studiopress.com,sella.bambrugh@studiopress.com,Sample@123,7772590337
Karrie,Barthelmes,biglobe.ne.jp,karrie.barthelmes@biglobe.ne.jp,Sample@123,7776978441
Ebeneser,Willcot,fastcompany.com,ebeneser.willcot@fastcompany.com,Sample@123,9873513857
Ally,Piatek,last.fm,ally.piatek@last.fm,Sample@123,7972799498
Guendolen,Lindenbaum,weather.com,guendolen.lindenbaum@weather.com,Sample@123,8996473652
Julianna,Forth,europa.eu,julianna.forth@europa.eu,Sample@123,7998609575
Xavier,Braven,cmu.edu,xavier.braven@cmu.edu,Sample@123,8794419986
Leif,Phaup,e-recht24.de,leif.phaup@e-recht24.de,Sample@123,9796966910
Chrissie,Greetham,nba.com,chrissie.greetham@nba.com,Sample@123,7780494546
Gustave,Jezard,harvard.edu,gustave.jezard@harvard.edu,Sample@123,7777070066
Wynn,Polotti,va.gov,wynn.polotti@va.gov,Sample@123,9772460790
Benoit,Riley,infoseek.co.jp,benoit.riley@infoseek.co.jp,Sample@123,8876258731
Sula,Cano,google.pl,sula.cano@google.pl,Sample@123,7774018204
Sissie,Kettow,who.int,sissie.kettow@who.int,Sample@123,7875069867
Alejandra,Paulack,mysql.com,alejandra.paulack@mysql.com,Sample@123,7774008189
Ricki,Pigne,tinypic.com,ricki.pigne@tinypic.com,Sample@123,7785248169
Stesha,Arlow,csmonitor.com,stesha.arlow@csmonitor.com,Sample@123,7790934995
Erv,Housley,mapquest.com,erv.housley@mapquest.com,Sample@123,9986939780
Tomasine,Garey,usgs.gov,tomasine.garey@usgs.gov,Sample@123,7875050691
Birgitta,Bignold,deliciousdays.com,birgitta.bignold@deliciousdays.com,Sample@123,8997675737
Chrotoem,Sadler,eepurl.com,chrotoem.sadler@eepurl.com,Sample@123,8878825562
Adolphe,McGeneay,yolasite.com,adolphe.mcgeneay@yolasite.com,Sample@123,7881403047
Austin,Flowitt,timesonline.co.uk,austin.flowitt@timesonline.co.uk,Sample@123,9970483044
Vitia,Falconbridge,webeden.co.uk,vitia.falconbridge@webeden.co.uk,Sample@123,9985471326
Jesus,Gravestone,shinystat.com,jesus.gravestone@shinystat.com,Sample@123,7795347357
Gerhardt,Hutchins,slashdot.org,gerhardt.hutchins@slashdot.org,Sample@123,7796623582
Germain,Walby,typepad.com,germain.walby@typepad.com,Sample@123,8790564814
Alana,Kitchiner,ning.com,alana.kitchiner@ning.com,Sample@123,7775706044
Norri,Swinfen,si.edu,norri.swinfen@si.edu,Sample@123,7797040011
Mitzi,Macek,cmu.edu,mitzi.macek@cmu.edu,Sample@123,9784497436
Mersey,Vasiljevic,typepad.com,mersey.vasiljevic@typepad.com,Sample@123,8889332975
Skylar,Macallam,ted.com,skylar.macallam@ted.com,Sample@123,7790491014
Natty,Dauber,amazon.com,natty.dauber@amazon.com,Sample@123,7973984868
Lidia,Sciacovelli,nbcnews.com,lidia.sciacovelli@nbcnews.com,Sample@123,7779555016
Lukas,McMakin,arstechnica.com,lukas.mcmakin@arstechnica.com,Sample@123,7997346466
Cobbie,Dunkersley,amazon.co.jp,cobbie.dunkersley@amazon.co.jp,Sample@123,7784442745
Eunice,Endean,is.gd,eunice.endean@is.gd,Sample@123,8776668222
Gaylene,Micheu,purevolume.com,gaylene.micheu@purevolume.com,Sample@123,7992425603
Duncan,Whapple,flickr.com,duncan.whapple@flickr.com,Sample@123,7882013305
Morna,Yann,uol.com.br,morna.yann@uol.com.br,Sample@123,7794860592
Hanan,Mirfin,simplemachines.org,hanan.mirfin@simplemachines.org,Sample@123,7787021211
Fabiano,Mitchard,blogs.com,fabiano.mitchard@blogs.com,Sample@123,7783108896
Walliw,de la Tremoille,google.ca,walliw.de la tremoille@google.ca,Sample@123,8993215537
Brandon,Chung,altervista.org,brandon.chung@altervista.org,Sample@123,7794049115
Wylma,Garret,com.com,wylma.garret@com.com,Sample@123,7777164964
Lotte,Bagworth,jalbum.net,lotte.bagworth@jalbum.net,Sample@123,9779923430
Noell,Lagne,sohu.com,noell.lagne@sohu.com,Sample@123,7981913059
Patten,Copas,histats.com,patten.copas@histats.com,Sample@123,9787561977
Clarey,Fussen,last.fm,clarey.fussen@last.fm,Sample@123,9877913992
Estele,Spinella,unicef.org,estele.spinella@unicef.org,Sample@123,7996462987
